"","Modnames","K","AICc","Delta_AICc","ModelLik","AICcWt","LL","Cum.Wt"
"1","ABBA.Qty_C1 = Year*Site",8,90.7842186071579,0,1,0.619062377467413,-36.7063950178647,0.619062377467413
"4","ABBA.Qty_C4 = Null",2,92.863058246239,2.07883963908111,0.353659808958136,0.218937482148295,-44.3774750690655,0.837999859615708
"3","ABBA.Qty_C3 = Site",5,94.798587421188,4.01436881403012,0.134366463841958,0.0831812225578915,-42.1215159328162,0.921181082173599
"2","ABBA.Qty_C2 = Year",3,94.906324601099,4.12210599394112,0.127319831886488,0.0788189178264008,-44.3440713914586,1
