(Intercept),EVI,GDD,EVI:GDD,df,logLik,AICc,delta,weight
-10.492481869348909,21.313669060440454,0.013974299167198414,-0.027619272134178426,5,-152.40148516389857,315.34351086833766,0,0.822847795424914
-2.8771976361288267,3.2776526141070823,0.00221835827428073,NA,4,-155.23726336290562,318.8316695829541,3.488158714616418,0.143838607176969
-1.7445105586376564,NA,0.0026262658496163447,NA,3,-157.8311261277897,321.87464163611037,6.531130767772709,0.0314124986834195
-1.956366309686351,4.568323098977721,NA,NA,3,-160.65797791092058,327.5283452023721,12.184834334034463,0.00185958636358815
-1.2419458747202391e-15,NA,NA,NA,2,-165.5136593790003,335.13258191589534,19.789071047557684,4.15123511092042e-05
