"","Modnames","K","AICc","Delta_AICc","ModelLik","AICcWt","LL","Cum.Wt"
"3","BEPA.N3 = Site",5,125.887576928028,0,1,0.488634398475429,-57.6212078188525,0.488634398475429
"4","BEPA.N4 = Null",2,126.590813876033,0.703236948005184,0.703548492818306,0.343777994586568,-61.2329069380164,0.832412393061998
"2","BEPA.N2 = Year",3,128.417469347938,2.52989241991001,0.28225447821328,0.137919247178742,-61.0824188844952,0.97033164024074
"1","BEPA.N1 = Year*Site",9,131.490643745012,5.60306681698457,0.0607168874148589,0.0296683597592599,-55.7340859174499,1
