"","Modnames","K","AICc","Delta_AICc","ModelLik","AICcWt","LL","Cum.Wt"
"4","ACRU.Qty_C4 = Null",2,67.971061422863,0,1,0.657397693129358,-31.9342486601494,0.657397693129358
"2","ACRU.Qty_C2 = Year",3,70.0636488018223,2.09258737895932,0.351237133545808,0.230902481334382,-31.9283761250491,0.88830017446374
"3","ACRU.Qty_C3 = Site",5,71.6004495263447,3.62938810348169,0.162887735986738,0.107082021876745,-30.5370668684355,0.995382196340485
"1","ACRU.Qty_C1 = Year*Site",9,77.8878013397814,9.91673991691839,0.00702436851813837,0.00461780365951465,-29.1257188517089,1
