term,estimate,std.error,statistic,p.value
(Intercept),24.831672996237646,7.768842558942016,3.196315642625058,0.001813174040878366
GDD,0.041075364856948515,0.008361347019574451,4.912529615238841,3.12151792021338e-6
NDMI,39.69597535767041,14.326483406478898,2.770810828546984,0.006557472821374963
