term,estimate,std.error,statistic,p.value
(Intercept),-0.07845163689338991,3.0374029410369277,-0.02582852470229307,0.9794426723821741
NDMI,0.1439184700829804,5.5322375894845415,0.026014513613177952,0.9792946744780423
SiteDP,-0.007958193889791526,3.037504562067969,-0.0026199775925187397,0.9979144871375598
SiteTN,0.11460620993434706,3.03760554811964,0.03772912845951687,0.9699746157984916
SiteUNI,0.09813293347857673,3.0377451879230906,0.03230453096221356,0.9742899457546255
NDMI:SiteDP,0.13340110862768986,5.532624494922966,0.024111722881266548,0.9808088250639513
NDMI:SiteTN,-0.21245064130223262,5.533345344272687,-0.03839461086991987,0.969445275665624
NDMI:SiteUNI,-0.16108830474190755,5.533093346429087,-0.029113606920416354,0.9768287274980219
