term,estimate,std.error,statistic,p.value
(Intercept),-0.23869935311512452,2.2009179874776503,-0.10845445149398074,0.9138327955949193
GDD,0.0025478697626218883,0.003109609053376083,0.8193537254645186,0.4143563422661567
NDMI,4.348843832110131,5.396402278434131,0.8058783626064346,0.4220517103412712
GDD:NDMI,-0.011459611348627927,0.007544263455761821,-1.5189834522382455,0.13163570868412092
