term,estimate,std.error,statistic,p.value
(Intercept),0.014373701894736836,0.0028028991980766256,5.128155127590817,1.2233395844156255e-6
