term,estimate,std.error,statistic,p.value
(Intercept),51.99630434782038,42.85619339989373,1.2132739803239105,0.22772180128939817
GDD,-8.69565217380598e-4,0.0790660182983685,-0.01099796393058712,0.991245743834629
SiteDP,-3.9506744469252184,42.85881476306585,-0.09217880776137945,0.9267299609391305
SiteTN,-1.8553334997459214,42.86473577495036,-0.04328344654885651,0.9655570163246265
SiteUNI,0.3735620617950916,42.85963529913847,0.008715941215734066,0.9930621558588701
GDD:SiteDP,0.0063563084038481665,0.079068852012663,0.08038953699277426,0.9360790301355326
GDD:SiteTN,0.003488762953803218,0.07907543098055543,0.044119430150954236,0.9648922103351963
GDD:SiteUNI,0.001125727261799771,0.07906911474736474,0.01423725642302439,0.988667459123992
