term,estimate,std.error,statistic,p.value
(Intercept),3.2619160397496842,0.5436549750115034,5.999974597272221,2.5236352815075253e-8
GDD,-0.003084781341431912,5.85117779193134e-4,-5.272069062207895,6.714780862866044e-7
NDMI,-2.5811292556482788,1.0025513992927009,-2.57456052374897,0.011353034493798497
