term,estimate,std.error,statistic,p.value
(Intercept),2.1753216508049897,0.7046203334654786,3.0872252012743897,0.002562330659522149
GDD,-0.001694495498849735,6.142239280078046e-4,-2.7587585269524113,0.006806555877538461
SiteDP,-0.8559590139437147,0.6409380357514802,-1.3354785739000945,0.1845018614655398
SiteTN,-0.3367770956980721,0.6592568273768475,-0.5108435464189164,0.61049372905546
SiteUNI,-1.3570164081839853,0.6489017526162801,-2.0912509524171985,0.0388294061106768
