term,estimate,std.error,statistic,p.value
(Intercept),-0.5288079899290515,0.8099890111848994,-0.6528582272437008,0.5151855455918701
GDD,0.0019077742229597029,0.0011053424577081813,1.7259576067631428,0.08711271184132598
