term,estimate,std.error,statistic,p.value
(Intercept),1.1254171408527962,0.12099597861676713,9.301277230190859,1.6790257843442445e-15
GDD,-5.819504443778522e-4,1.0547329069205766e-4,-5.517514818769888,2.3429906967667462e-7
SiteDP,0.17958530243549686,0.11006058324636507,1.63169499141672,0.10562969012986068
SiteTN,0.3445364378702025,0.11320624909578318,3.043440098246627,0.0029316414502279075
SiteUNI,0.1521962009610414,0.11142809660032156,1.3658691623078678,0.1747917243666845
