term,estimate,std.error,statistic,p.value
(Intercept),-0.7620192627109132,0.50811111388284,-1.4997098900037429,0.13536698791761237
GDD,0.0026649867509481017,4.863715271683793e-4,5.479323114293853,1.3587239409242274e-7
NDMI,-2.48616763386827,0.7102062042158999,-3.500627872736078,5.79658905577972e-4
