term,estimate,std.error,statistic,p.value
(Intercept),421.65808486044165,526.7558001682,0.8004811427340728,0.4251733647240711
GDD,1.1832892936154158,0.45917780301475986,2.5769740737606606,0.0113032765900834
SiteDP,560.5944650897901,479.1485738426341,1.1699804521883126,0.24456068747515786
SiteTN,216.11215115186545,492.84322510720426,0.43850080541303227,0.6618911664081449
SiteUNI,1013.8000151628023,485.1020410507106,2.0898696137558073,0.0389559410318146
