term,estimate,std.error,statistic,p.value
(Intercept),-0.009676849661513887,0.29166523131491356,-0.03317793354349358,0.9735950890052948
NDMI,0.017757772741262515,0.5312305899312856,0.033427617079730805,0.9733964508838419
SiteDP,0.0025421748567112474,0.29167498942804526,0.008715779373803283,0.9930622846809174
SiteTN,0.01471694438907149,0.29168468656757274,0.05045497781270087,0.9598547795253181
SiteUNI,0.010325817089037955,0.29169809541597536,0.03539898700508431,0.9718281684918821
NDMI:SiteDP,0.0054267343229788614,0.5312677423494486,0.010214688170186987,0.9918691998430041
NDMI:SiteTN,-0.028556879041759048,0.531336961579301,-0.05374532755424919,0.9572392316138676
NDMI:SiteUNI,-0.017349320045067576,0.5313127636013667,-0.03265368580169179,0.9740121646925042
